order_month,revenue,prev_revenue,growth_pct
2016-09,134.97,,
2016-10,40325.11,134.97,29777.1
2016-12,10.9,40325.11,-100.0
2017-01,111798.36,10.9,1025573.0
2017-02,234223.4,111798.36,109.5
2017-03,359198.85,234223.4,53.4
2017-04,340669.68,359198.85,-5.2
2017-05,489338.25,340669.68,43.6
2017-06,421923.37,489338.25,-13.8
2017-07,481604.52,421923.37,14.1
2017-08,554699.7,481604.52,15.2
2017-09,607399.67,554699.7,9.5
2017-10,648247.65,607399.67,6.7
2017-11,987765.37,648247.65,52.4
2017-12,726033.19,987765.37,-26.5
2018-01,924645.0,726033.19,27.4
2018-02,826437.13,924645.0,-10.6
2018-03,953356.25,826437.13,15.4
2018-04,973534.09,953356.25,2.1
2018-05,977544.69,973534.09,0.4
2018-06,856077.86,977544.69,-12.4
2018-07,867953.46,856077.86,1.4
2018-08,838576.64,867953.46,-3.4
